City_ID,City,Country,Date,Lat,Lng,Max Temp,Humidity,Cloudiness,Wind Speed
0,Kenai,US,2021-10-31 16:43:50,60.5544,-151.2583,40.14,96,1,6.91
1,Pangai,TO,2021-10-31 16:43:50,-19.8,-174.35,76.28,79,9,16.89
2,Kamaishi,JP,2021-10-31 16:43:50,39.2667,141.8833,53.71,77,3,4.94
3,Okhotsk,RU,2021-10-31 16:43:51,59.3833,143.3,9.81,71,0,16.8
4,Tilichiki,RU,2021-10-31 16:43:51,60.4667,166.1,-6.18,97,23,11.95
5,Belmonte,BR,2021-10-31 16:43:52,-15.8631,-38.8828,84.2,62,55,9.1
6,Barrow,US,2021-10-31 16:43:52,71.2906,-156.7887,24.82,86,90,24.16
7,Ponta Do Sol,PT,2021-10-31 16:43:52,32.6667,-17.1,76.71,77,37,7.09
8,Mulege,MX,2021-10-31 16:43:53,26.8833,-111.9833,81.45,29,51,2.13
9,Mahanje,TZ,2021-10-31 16:43:53,-9.9333,35.3333,72.88,60,39,4.12
10,Sisimiut,GL,2021-10-31 16:43:53,66.9395,-53.6735,35.04,88,100,25.3
11,Ushuaia,AR,2021-10-31 16:41:31,-54.8,-68.3,53.22,50,0,3.44
12,Vaini,TO,2021-10-31 16:43:54,-21.2,-175.2,71.76,94,20,5.75
13,Avarua,CK,2021-10-31 16:43:54,-21.2078,-159.775,73.45,73,40,9.22
14,Hovd,MN,2021-10-31 16:43:54,48.0056,91.6419,36.81,47,90,9.19
15,Qaanaaq,GL,2021-10-31 16:39:48,77.484,-69.3632,9.97,64,99,10.25
16,Mahebourg,MU,2021-10-31 16:39:57,-20.4081,57.7,74.25,83,40,3.44
17,Kapaa,US,2021-10-31 16:43:55,22.0752,-159.319,69.78,88,1,8.05
18,Puerto Ayora,EC,2021-10-31 16:43:55,-0.7393,-90.3518,73.36,79,84,10.11
19,Tasiilaq,GL,2021-10-31 16:43:56,65.6145,-37.6368,26.76,67,100,4.56
20,Sao Jose Da Coroa Grande,BR,2021-10-31 16:39:22,-8.8978,-35.1478,83.12,61,48,9.71
21,Mount Gambier,AU,2021-10-31 16:43:56,-37.8333,140.7667,40.91,93,8,0.0
22,Bredasdorp,ZA,2021-10-31 16:43:56,-34.5322,20.0403,63.72,77,97,9.22
23,Victoria,HK,2021-10-31 16:39:50,22.2855,114.1577,77.32,82,89,1.99
24,Dikson,RU,2021-10-31 16:43:57,73.5069,80.5464,6.93,94,100,10.04
25,Albany,US,2021-10-31 16:40:57,42.6001,-73.9662,62.15,80,96,10.56
26,Meulaboh,ID,2021-10-31 16:43:57,4.1363,96.1285,76.95,88,100,2.24
27,Lebu,CL,2021-10-31 16:43:58,-37.6167,-73.65,59.79,73,100,8.97
28,Atuona,PF,2021-10-31 16:43:33,-9.8,-139.0333,79.61,70,93,13.82
29,Port Elizabeth,ZA,2021-10-31 16:40:04,-33.918,25.5701,66.49,88,0,11.5
30,Tuktoyaktuk,CA,2021-10-31 16:43:58,69.4541,-133.0374,24.8,86,75,12.66
31,Tabriz,IR,2021-10-31 16:43:59,38.08,46.2919,51.26,93,40,0.0
32,Bluff,NZ,2021-10-31 16:39:50,-46.6,168.3333,48.09,75,85,19.57
33,Mataura,NZ,2021-10-31 16:43:59,-46.1927,168.8643,37.15,92,60,2.68
34,Port Alfred,ZA,2021-10-31 16:43:59,-33.5906,26.891,67.69,85,67,18.7
35,Richards Bay,ZA,2021-10-31 16:39:29,-28.783,32.0377,66.29,86,0,2.64
36,Hay River,CA,2021-10-31 16:44:00,60.8156,-115.7999,22.98,86,20,9.22
37,Lompoc,US,2021-10-31 16:44:00,34.6391,-120.4579,60.26,85,20,0.0
38,Butaritari,KI,2021-10-31 16:44:01,3.0707,172.7902,80.51,78,46,9.57
39,Ancud,CL,2021-10-31 16:44:01,-41.8697,-73.8203,67.53,39,28,5.61
40,Kavieng,PG,2021-10-31 16:44:02,-2.5744,150.7967,83.16,77,98,16.46
41,Saldanha,ZA,2021-10-31 16:44:02,-33.0117,17.9442,68.05,81,97,7.83
42,East London,ZA,2021-10-31 16:41:05,-33.0153,27.9116,67.14,88,75,13.8
43,Hobart,AU,2021-10-31 16:44:03,-42.8794,147.3294,55.26,63,100,1.01
44,Sovetskiy,RU,2021-10-31 16:44:03,61.3614,63.5842,20.26,94,100,7.36
45,Chuy,UY,2021-10-31 16:44:04,-33.6971,-53.4616,73.69,73,98,9.1
46,Jiblah,YE,2021-10-31 16:44:04,13.9216,44.1467,61.25,72,80,1.45
47,Nuuk,GL,2021-10-31 16:44:04,64.1835,-51.7216,38.01,93,75,21.85
48,Abu Dhabi,AE,2021-10-31 16:41:24,24.4667,54.3667,86.11,66,0,6.91
49,Krasnaya Gora,RU,2021-10-31 16:44:05,52.9995,31.6023,44.51,76,0,8.86
50,Pemangkat,ID,2021-10-31 16:44:05,1.1667,108.9667,79.11,85,98,6.78
51,Bahia Blanca,AR,2021-10-31 16:40:09,-38.7196,-62.2724,61.52,50,100,14.03
52,Emerald,AU,2021-10-31 16:44:05,-23.5333,148.1667,75.34,59,90,19.57
53,Kodiak,US,2021-10-31 16:44:06,57.79,-152.4072,45.91,87,90,18.41
54,Codrington,AU,2021-10-31 16:44:06,-38.2667,141.9667,44.15,92,7,4.5
55,Cape Town,ZA,2021-10-31 16:42:06,-33.9258,18.4232,69.1,59,0,3.0
56,Arraial Do Cabo,BR,2021-10-31 16:42:31,-22.9661,-42.0278,75.16,94,75,12.66
57,Saint-Augustin,CA,2021-10-31 16:43:09,51.226,-58.6502,49.95,56,88,6.4
58,Faya,SA,2021-10-31 16:44:07,18.3851,42.4509,66.72,49,34,10.49
59,Cabo San Lucas,MX,2021-10-31 16:41:33,22.8909,-109.9124,85.05,66,5,2.51
60,Severo-Kurilsk,RU,2021-10-31 16:39:52,50.6789,156.125,35.53,68,99,25.05
61,Klaksvik,FO,2021-10-31 16:39:54,62.2266,-6.589,38.32,68,100,5.77
62,Hilo,US,2021-10-31 16:44:08,19.7297,-155.09,81.28,72,40,8.05
63,Mongu,ZM,2021-10-31 16:44:08,-15.2484,23.1274,79.23,47,90,4.52
64,Castro,BR,2021-10-31 16:44:08,-24.7911,-50.0119,60.8,95,100,6.78
65,Saint-Philippe,RE,2021-10-31 16:44:09,-21.3585,55.7679,72.99,79,24,6.73
66,Busselton,AU,2021-10-31 16:44:09,-33.65,115.3333,52.05,80,96,9.42
67,Dongsheng,CN,2021-10-31 16:44:09,39.8161,109.9776,34.32,46,8,3.69
68,Komsomolskiy,UZ,2021-10-31 16:44:10,40.4272,71.7189,49.42,61,98,4.61
69,Iqaluit,CA,2021-10-31 16:41:34,63.7506,-68.5145,37.13,69,75,10.0
70,Torbat-E Jam,IR,2021-10-31 16:44:10,35.244,60.6225,50.38,39,1,7.14
71,Rikitea,PF,2021-10-31 16:44:11,-23.1203,-134.9692,74.07,88,100,17.58
72,Bethel,US,2021-10-31 16:44:11,41.3712,-73.414,65.08,73,75,1.99
73,Ascension,US,2021-10-31 16:44:11,30.2169,-90.9001,73.2,63,1,0.0
74,Port Lincoln,AU,2021-10-31 16:44:12,-34.7333,135.8667,58.3,75,1,10.27
75,Broken Hill,AU,2021-10-31 16:44:12,-31.95,141.4333,60.51,29,98,0.0
76,Beachwood,US,2021-10-31 16:44:12,41.4645,-81.5087,57.34,83,75,7.0
77,Kokopo,PG,2021-10-31 16:44:13,-4.352,152.2633,77.94,81,100,2.91
78,Kahului,US,2021-10-31 16:44:13,20.8947,-156.47,70.84,76,1,5.75
79,Udachnyy,RU,2021-10-31 16:44:14,66.4167,112.4,7.25,86,52,13.98
80,Bubaque,GW,2021-10-31 16:44:14,11.2833,-15.8333,82.81,74,83,10.07
81,Thaton,MM,2021-10-31 16:44:14,16.9206,97.3714,77.04,82,50,1.43
82,Nikolskoye,RU,2021-10-31 16:44:15,59.7035,30.7861,47.88,84,48,8.19
83,Colesberg,ZA,2021-10-31 16:44:15,-30.72,25.0972,75.02,19,93,7.76
84,Airai,TL,2021-10-31 16:44:15,-8.9266,125.4092,61.36,88,93,1.66
85,Katsuura,JP,2021-10-31 16:44:16,35.1333,140.3,61.11,92,96,8.5
86,Nanortalik,GL,2021-10-31 16:44:16,60.1432,-45.2371,34.47,74,49,14.52
87,New Norfolk,AU,2021-10-31 16:44:16,-42.7826,147.0587,54.91,58,100,5.99
88,Ostrovnoy,RU,2021-10-31 16:44:17,68.0531,39.5131,28.17,92,69,2.55
89,Yarmouth,US,2021-10-31 16:44:17,41.7057,-70.2286,66.18,85,75,11.99
90,Nacala,MZ,2021-10-31 16:44:17,-14.5428,40.6728,77.61,83,0,13.94
91,Thompson,CA,2021-10-31 16:44:18,55.7435,-97.8558,30.36,93,75,10.36
92,Shambu,ET,2021-10-31 16:44:18,9.5667,37.1,52.95,67,74,3.91
93,Punta Arenas,CL,2021-10-31 16:44:18,-53.15,-70.9167,50.11,50,0,11.5
94,Kudat,MY,2021-10-31 16:44:19,6.8837,116.8477,78.73,94,20,0.0
95,Yellowknife,CA,2021-10-31 16:43:01,62.456,-114.3525,28.42,100,75,6.91
96,Bengkulu,ID,2021-10-31 16:44:19,-3.8004,102.2655,76.82,90,100,3.62
97,Jamestown,US,2021-10-31 16:40:07,42.097,-79.2353,52.02,98,90,5.01
98,Bambous Virieux,MU,2021-10-31 16:44:20,-20.3428,57.7575,74.21,83,40,3.44
99,Sao Gabriel Da Cachoeira,BR,2021-10-31 16:44:20,-0.1303,-67.0892,89.4,58,20,5.75
100,Marzuq,YE,2021-10-31 16:44:20,14.4,46.4667,75.42,39,42,4.68
101,Ladushkin,RU,2021-10-31 16:44:21,54.5703,20.171,52.77,70,56,9.44
102,Owando,CG,2021-10-31 16:44:21,-0.4819,15.8999,74.88,91,98,3.4
103,Hofn,IS,2021-10-31 16:44:21,64.2539,-15.2082,41.02,56,75,25.32
104,Grootfontein,NA,2021-10-31 16:44:22,-19.5667,18.1167,90.97,12,20,10.36
105,Hasaki,JP,2021-10-31 16:44:22,35.7333,140.8333,57.6,88,100,5.77
106,Gat,IL,2021-10-31 16:44:23,31.61,34.7642,83.08,40,42,18.92
107,Coihueco,CL,2021-10-31 16:44:23,-36.6167,-71.8333,70.54,56,0,6.91
108,Coihaique,CL,2021-10-31 16:44:02,-45.5752,-72.0662,64.35,27,0,12.66
109,Hermanus,ZA,2021-10-31 16:44:23,-34.4187,19.2345,66.9,83,96,9.24
110,Bosaso,SO,2021-10-31 16:44:24,11.2842,49.1816,82.83,68,58,12.24
111,Luanda,AO,2021-10-31 16:41:33,-8.8368,13.2343,80.6,74,20,13.8
112,Esik,KZ,2021-10-31 16:44:24,43.3552,77.4525,38.62,74,99,3.44
113,Tura,IN,2021-10-31 16:44:24,25.5198,90.2201,62.13,64,0,2.8
114,Svetlyy,RU,2021-10-31 16:44:25,54.675,20.1347,52.97,72,46,8.79
115,Flinders,AU,2021-10-31 16:44:25,-34.5833,150.8552,55.18,81,9,1.01
116,Mar Del Plata,AR,2021-10-31 16:44:26,-38.0023,-57.5575,60.1,79,90,1.99
117,Brae,GB,2021-10-31 16:44:26,60.3964,-1.353,49.91,87,100,16.4
118,Te Anau,NZ,2021-10-31 16:44:27,-45.4167,167.7167,36.63,91,52,0.87
119,Teguldet,RU,2021-10-31 16:44:27,57.3064,88.1667,32.38,98,100,6.4
120,Haines Junction,CA,2021-10-31 16:44:27,60.7522,-137.5108,35.55,55,100,5.75
121,Tuim,RU,2021-10-31 16:44:28,54.3417,89.9261,33.87,71,100,17.05
122,Comodoro Rivadavia,AR,2021-10-31 16:44:28,-45.8667,-67.5,49.86,62,0,14.97
123,Cayenne,GF,2021-10-31 16:44:28,4.9333,-52.3333,89.64,77,68,5.01
124,Erenhot,CN,2021-10-31 16:44:29,43.6475,111.9767,34.39,34,0,5.64
125,Sahuaripa,MX,2021-10-31 16:44:29,29.05,-109.2333,78.78,34,79,1.92
126,Georgetown,MY,2021-10-31 16:42:25,5.4112,100.3354,80.55,87,20,0.0
127,Wairoa,NZ,2021-10-31 16:44:30,-39.0333,177.3667,53.55,70,98,1.99
128,Ilulissat,GL,2021-10-31 16:44:30,69.2167,-51.1,33.82,86,90,19.57
129,Chapleau,CA,2021-10-31 16:44:30,47.8405,-83.4034,41.09,93,90,10.36
130,Vestmannaeyjar,IS,2021-10-31 16:44:31,63.4427,-20.2734,40.19,70,0,26.46
131,Upernavik,GL,2021-10-31 16:39:58,72.7868,-56.1549,33.17,98,100,18.41
132,Provideniya,RU,2021-10-31 16:44:31,64.3833,-173.3,12.16,80,71,7.67
133,Hamilton,US,2021-10-31 16:44:31,39.1834,-84.5333,60.26,77,75,1.99
134,Namibe,AO,2021-10-31 16:44:32,-15.1961,12.1522,69.19,73,39,17.9
135,Saskylakh,RU,2021-10-31 16:44:32,71.9167,114.0833,11.23,96,100,6.06
136,Nouadhibou,MR,2021-10-31 16:44:32,20.931,-17.0347,76.98,69,8,13.8
137,Evensk,RU,2021-10-31 16:44:33,61.95,159.2333,0.55,78,58,11.5
138,Taoudenni,ML,2021-10-31 16:44:33,22.6783,-3.9836,93.42,13,0,10.58
139,Prachuap Khiri Khan,TH,2021-10-31 16:43:11,12.2167,99.75,72.72,95,99,1.86
140,Norman Wells,CA,2021-10-31 16:42:19,65.282,-126.8329,15.84,86,75,4.61
141,Sarkand,KZ,2021-10-31 16:41:19,45.41,79.9186,42.06,62,100,7.9
142,Chinhoyi,ZW,2021-10-31 16:44:34,-17.3667,30.2,80.46,33,60,5.68
143,Grand Gaube,MU,2021-10-31 16:44:34,-20.0064,57.6608,74.37,76,82,1.99
144,Faanui,PF,2021-10-31 16:44:35,-16.4833,-151.75,78.62,67,100,14.23
145,Sri Aman,MY,2021-10-31 16:44:35,1.2376,111.4621,77.05,99,100,0.0
146,Vila Velha,BR,2021-10-31 16:44:35,-20.3297,-40.2925,73.35,94,90,12.66
147,Santa Cruz,BO,2021-10-31 16:40:46,-17.8,-63.1667,93.25,52,20,12.66
148,College,US,2021-10-31 16:39:49,64.8569,-147.8028,46.06,45,75,12.66
149,Kiama,AU,2021-10-31 16:44:36,-34.6833,150.8667,55.38,88,13,7.43
150,Edgewood,US,2021-10-31 16:41:44,39.4187,-76.2944,67.91,83,90,3.0
151,Iwanai,JP,2021-10-31 16:44:36,42.9744,140.5089,50.11,90,88,5.21
152,Ukiah,US,2021-10-31 16:44:37,39.1502,-123.2078,56.88,79,90,0.0
153,Presidencia Roque Saenz Pena,AR,2021-10-31 16:44:37,-26.7852,-60.4388,99.54,24,6,4.94
154,Sinnamary,GF,2021-10-31 16:44:37,5.3833,-52.95,82.71,75,96,8.01
155,Rognan,NO,2021-10-31 16:44:38,67.0953,15.3878,47.05,86,100,8.77
156,Almaznyy,RU,2021-10-31 16:44:38,48.0448,40.045,46.54,69,0,7.81
157,Ossora,RU,2021-10-31 16:44:38,59.2353,163.0719,9.19,77,100,11.39
158,Caravelas,BR,2021-10-31 16:44:39,-17.7125,-39.2481,81.77,63,77,10.25
159,Esso,RU,2021-10-31 16:44:39,55.9333,158.7,7.56,94,62,7.63
160,Kruisfontein,ZA,2021-10-31 16:44:40,-34.0033,24.7314,66.42,77,95,7.36
161,Tanda,IN,2021-10-31 16:44:40,26.55,82.65,69.67,49,0,2.35
162,Marsa Matruh,EG,2021-10-31 16:44:40,31.3525,27.2453,77.2,41,40,8.05
163,Khatanga,RU,2021-10-31 16:44:41,71.9667,102.5,4.8,96,100,8.68
164,Riyadh,SA,2021-10-31 16:43:31,24.6877,46.7219,80.74,19,0,7.27
165,Saint George,US,2021-10-31 16:44:41,37.1041,-113.5841,73.87,52,1,0.0
166,Ibra,OM,2021-10-31 16:44:42,22.6906,58.5334,80.96,25,8,7.92
167,Halifax,CA,2021-10-31 16:40:25,44.6453,-63.5724,58.08,97,100,11.99
168,Cidreira,BR,2021-10-31 16:44:42,-30.1811,-50.2056,72.03,78,23,20.69
169,Bambari,CF,2021-10-31 16:44:42,5.768,20.6757,79.93,69,79,2.73
170,Aksu,CN,2021-10-31 16:44:43,41.1231,80.2644,47.43,42,7,4.63
171,Vanimo,PG,2021-10-31 16:44:43,-2.6741,141.3028,77.58,88,100,1.43
172,Los Llanos De Aridane,ES,2021-10-31 16:44:43,28.6585,-17.9182,69.55,81,20,4.0
173,Cottage Grove,US,2021-10-31 16:44:44,44.8277,-92.9438,48.38,57,1,1.01
174,Ko Samui,TH,2021-10-31 16:44:44,9.5357,99.9357,80.91,78,100,3.15
175,Yerbogachen,RU,2021-10-31 16:44:45,61.2767,108.0108,19.27,73,98,7.4
176,Quatre Cocos,MU,2021-10-31 16:44:45,-20.2078,57.7625,74.08,76,50,6.93
177,Barbosa,CO,2021-10-31 16:44:45,5.9317,-73.6151,72.0,73,97,1.99
178,Fort Morgan,US,2021-10-31 16:44:46,40.2503,-103.8,40.8,93,90,5.75
179,Bougouni,ML,2021-10-31 16:44:46,11.417,-7.479,93.65,32,65,3.47
180,Warman,CA,2021-10-31 16:44:46,52.3168,-106.5679,29.08,74,40,11.5
181,Ludvika,SE,2021-10-31 16:44:47,60.1496,15.1878,46.2,93,61,8.75
182,Bonfim,BR,2021-10-31 16:44:47,3.0833,-59.95,93.45,43,91,2.24
183,Alta Floresta,BR,2021-10-31 16:44:47,-9.8756,-56.0861,96.06,38,50,0.92
184,Kulhudhuffushi,MV,2021-10-31 16:44:48,6.6221,73.07,80.38,80,100,6.22
185,Chokurdakh,RU,2021-10-31 16:44:48,70.6333,147.9167,-11.72,100,100,5.82
186,Vila Franca Do Campo,PT,2021-10-31 16:44:48,37.7167,-25.4333,75.2,86,100,14.83
187,Souillac,MU,2021-10-31 16:44:49,-20.5167,57.5167,74.35,83,40,3.44
188,Tiksi,RU,2021-10-31 16:39:57,71.6872,128.8694,14.68,83,100,12.35
189,Carnarvon,AU,2021-10-31 16:44:49,-24.8667,113.6333,68.07,73,90,17.27
190,Vardo,NO,2021-10-31 16:44:49,70.3705,31.1107,37.38,87,75,9.22
191,Zaysan,KZ,2021-10-31 16:44:50,47.4667,84.8667,39.94,83,100,13.67
192,Port Blair,IN,2021-10-31 16:44:50,11.6667,92.75,81.16,79,97,2.95
193,Bukachacha,RU,2021-10-31 16:44:50,52.9833,116.9167,23.45,54,50,2.3
194,Port-Gentil,GA,2021-10-31 16:44:51,-0.7193,8.7815,80.56,83,75,16.11
195,Franklin,US,2021-10-31 16:40:41,39.9667,-83.0166,56.88,79,75,4.0
196,Viedma,AR,2021-10-31 16:44:51,-40.8135,-62.9967,57.02,58,100,12.01
197,Torbay,CA,2021-10-31 16:43:15,47.6666,-52.7314,48.27,85,40,11.5
198,Talnakh,RU,2021-10-31 16:43:30,69.4865,88.3972,-1.59,98,100,7.2
199,Araouane,ML,2021-10-31 16:44:52,18.9048,-3.5265,96.93,13,83,11.52
200,Narsaq,GL,2021-10-31 16:44:52,60.9167,-46.05,30.42,68,50,4.27
201,Hervey Bay,AU,2021-10-31 16:44:53,-25.2986,152.8535,69.04,69,72,20.11
202,Kaitangata,NZ,2021-10-31 16:44:53,-46.2817,169.8464,45.16,72,69,9.42
203,Parabel,RU,2021-10-31 16:44:53,58.6978,81.4825,14.83,82,64,12.59
204,Saint-Georges,GD,2021-10-31 16:44:54,12.0564,-61.7485,85.68,66,40,19.57
205,Raga,SS,2021-10-31 16:44:54,8.4596,25.678,82.6,48,70,2.33
206,Cherskiy,RU,2021-10-31 16:44:54,68.75,161.3,-0.74,98,100,5.08
207,Aklavik,CA,2021-10-31 16:42:19,68.2191,-135.0107,30.92,93,40,3.44
208,Lagoa,PT,2021-10-31 16:44:55,39.05,-27.9833,69.51,86,98,12.75
209,Inhambane,MZ,2021-10-31 16:40:38,-23.865,35.3833,70.88,79,31,6.89
210,Lerwick,GB,2021-10-31 16:44:55,60.1545,-1.1494,50.0,88,100,19.75
211,Gimli,CA,2021-10-31 16:42:17,50.6336,-96.9907,37.44,70,68,11.5
212,Bud,US,2021-10-31 16:44:56,39.447,-86.1758,59.22,80,10,12.19
213,Molchanovo,RU,2021-10-31 16:44:56,57.5817,83.7692,23.11,87,100,10.78
214,Westport,US,2021-10-31 16:44:56,41.1415,-73.3579,65.91,74,1,3.0
215,Cotonou,BJ,2021-10-31 16:40:57,6.3654,2.4183,85.98,79,40,13.8
216,Stepnyak,KZ,2021-10-31 16:44:57,52.8339,70.7803,28.4,77,92,7.18
217,Aviles,ES,2021-10-31 16:44:57,43.5547,-5.9248,58.39,94,75,13.8
218,Ust-Nera,RU,2021-10-31 16:44:58,64.5667,143.2,-16.1,100,69,5.41
219,Saint-Michel-Des-Saints,CA,2021-10-31 16:42:19,46.6834,-73.9159,45.93,99,100,4.0
220,Esperance,AU,2021-10-31 16:44:58,-33.8667,121.9,64.24,56,100,14.88
221,Kazerun,IR,2021-10-31 16:44:58,29.6195,51.6541,71.44,46,70,2.01
222,Loralai,PK,2021-10-31 16:44:59,30.3705,68.598,61.63,19,0,8.39
223,La Ronge,CA,2021-10-31 16:41:07,55.1001,-105.2842,30.45,74,90,8.05
224,Naron,ES,2021-10-31 16:44:59,43.5167,-8.1528,63.01,84,100,11.3
225,Neryungri,RU,2021-10-31 16:45:00,56.6709,124.6491,16.07,87,100,4.16
226,Luderitz,NA,2021-10-31 16:45:00,-26.6481,15.1594,63.01,76,41,9.73
227,Muravlenko,RU,2021-10-31 16:45:00,63.7898,74.523,1.18,96,53,10.71
228,Pilar,BR,2021-10-31 16:44:26,-9.5972,-35.9567,87.73,56,66,9.4
229,Ribeira Grande,PT,2021-10-31 16:45:01,38.5167,-28.7,68.4,94,75,4.61
230,Broome,US,2021-10-31 16:45:02,42.2506,-75.833,56.19,86,90,1.01
231,Ribas Do Rio Pardo,BR,2021-10-31 16:45:03,-20.4431,-53.7592,82.53,61,95,4.72
232,Knysna,ZA,2021-10-31 16:45:03,-34.0363,23.0471,77.38,68,81,5.86
233,Jiuquan,CN,2021-10-31 16:45:04,39.7432,98.5174,44.56,33,99,4.05
234,Qasigiannguit,GL,2021-10-31 16:45:05,68.8193,-51.1922,34.05,98,100,15.52
235,Geraldton,AU,2021-10-31 16:45:06,-28.7667,114.6,63.12,67,40,10.36
236,Sulangan,PH,2021-10-31 16:45:06,11.1373,123.7228,82.74,74,98,15.28
237,Sosnovo-Ozerskoye,RU,2021-10-31 16:45:07,52.5249,111.5418,27.0,59,29,4.61
238,Leshukonskoye,RU,2021-10-31 16:45:07,64.8989,45.7622,31.86,93,100,5.64
239,Cabedelo,BR,2021-10-31 16:45:08,-6.9811,-34.8339,86.67,64,13,13.58
240,Paita,PE,2021-10-31 16:45:08,-5.0892,-81.1144,73.96,64,46,9.37
241,San Patricio,US,2021-10-31 16:45:08,28.017,-97.5169,84.06,38,0,11.21
242,Ouesso,CG,2021-10-31 16:45:09,1.6136,16.0517,74.23,90,95,3.49
243,Staffanstorp,SE,2021-10-31 16:45:09,55.6428,13.2064,52.84,90,75,9.22
244,Muros,ES,2021-10-31 16:45:09,42.7762,-9.0603,62.24,86,100,6.33
245,Dawlatabad,AF,2021-10-31 16:45:10,36.4141,64.9053,54.84,55,79,3.96
246,Husavik,IS,2021-10-31 16:41:06,66.0449,-17.3389,33.71,99,100,24.79
247,Vung Tau,VN,2021-10-31 16:45:10,10.346,107.0843,81.48,80,91,17.74
248,Pacific Grove,US,2021-10-31 16:45:11,36.6177,-121.9166,59.7,83,1,1.01
249,Deputatskiy,RU,2021-10-31 16:45:11,69.3,139.9,-11.45,86,48,2.98
250,Tuatapere,NZ,2021-10-31 16:45:11,-46.1333,167.6833,39.72,85,49,5.5
251,Konstantinovo,BY,2021-10-31 16:45:12,54.6628,29.2699,44.62,69,0,11.05
252,Cam Ranh,VN,2021-10-31 16:45:12,11.9214,109.1591,76.96,88,40,4.61
253,Maxixe,MZ,2021-10-31 16:45:12,-23.8597,35.3472,72.84,83,36,5.01
254,Villa Maria,AR,2021-10-31 16:45:13,-32.4075,-63.2402,75.45,48,99,14.56
255,Jidong,CN,2021-10-31 16:45:13,45.2167,131.0833,33.91,64,82,1.66
256,Titay,PH,2021-10-31 16:45:13,7.8125,122.5344,75.49,90,100,0.36
257,Alboraya,ES,2021-10-31 16:45:14,39.5,-0.35,80.67,57,20,3.0
258,Penzance,GB,2021-10-31 16:45:14,50.1186,-5.5371,54.61,75,34,33.46
259,Honningsvag,NO,2021-10-31 16:45:14,70.9821,25.9704,35.35,75,20,14.97
260,Ignalina,LT,2021-10-31 16:45:15,55.35,26.1667,46.92,75,6,9.22
261,Pyatovskiy,RU,2021-10-31 16:45:15,54.6891,36.0563,42.84,83,28,8.25
262,Mayumba,GA,2021-10-31 16:45:15,-3.432,10.6554,77.77,84,100,7.11
263,Berlevag,NO,2021-10-31 16:45:16,70.8578,29.0864,32.0,74,100,13.96
264,Prince Rupert,CA,2021-10-31 16:45:16,54.3161,-130.3201,46.09,65,44,17.27
265,Chernyshevskiy,RU,2021-10-31 16:45:17,63.0128,112.4714,11.98,88,38,8.14
266,Lazaro Cardenas,MX,2021-10-31 16:45:17,17.9583,-102.2,83.73,70,81,1.14
267,Walvis Bay,NA,2021-10-31 16:43:42,-22.9575,14.5053,67.15,55,0,12.66
268,Banjar,ID,2021-10-31 16:45:17,-8.19,114.9675,76.91,89,84,3.15
269,Yarada,IN,2021-10-31 16:45:18,17.65,83.2667,81.0,77,24,8.25
270,Baiyin,CN,2021-10-31 16:45:18,36.5583,104.2081,38.28,51,45,5.64
271,Pangnirtung,CA,2021-10-31 16:45:19,66.1451,-65.7125,30.2,93,90,3.44
272,Narimanov,RU,2021-10-31 16:45:19,46.6927,47.8498,42.71,81,0,7.85
273,Labuhan,ID,2021-10-31 16:45:19,-6.8844,112.2051,80.85,79,75,1.72
274,Corn Island,NI,2021-10-31 16:45:20,12.1694,-83.0418,81.7,77,100,20.04
275,Francisco Sa,BR,2021-10-31 16:45:20,-16.4758,-43.4883,84.34,41,57,6.35
276,Flagstaff,US,2021-10-31 16:45:10,35.1981,-111.6513,59.13,42,1,7.0
277,Vitim,RU,2021-10-31 16:45:21,59.4511,112.5578,17.33,95,78,2.42
278,Khuchni,RU,2021-10-31 16:45:21,41.9499,47.9485,49.62,91,77,3.67
279,Hambantota,LK,2021-10-31 16:45:21,6.1241,81.1185,79.84,83,44,2.73
280,Nelson Bay,AU,2021-10-31 16:45:22,-32.7167,152.15,57.99,93,98,6.11
281,Del Rio,US,2021-10-31 16:44:25,29.3627,-100.8968,73.81,49,1,5.75
282,Opuwo,NA,2021-10-31 16:45:22,-18.0607,13.84,83.34,14,34,20.27
283,Miajadas,ES,2021-10-31 16:45:22,39.1513,-5.9084,70.77,89,100,14.2
284,Hinton,CA,2021-10-31 16:45:23,53.4001,-117.5857,8.64,36,1,2.95
285,Isangel,VU,2021-10-31 16:45:23,-19.55,169.2667,74.93,83,36,6.51
286,Superior,US,2021-10-31 16:41:00,46.7208,-92.1041,45.95,66,40,10.36
287,Brits,ZA,2021-10-31 16:41:57,-25.6347,27.7802,79.92,21,0,4.36
288,Salalah,OM,2021-10-31 16:45:24,17.0151,54.0924,82.49,42,0,3.44
289,Chiang Klang,TH,2021-10-31 16:45:24,19.2938,100.8617,71.17,99,35,1.16
290,Mehamn,NO,2021-10-31 16:45:24,71.0357,27.8492,35.78,93,0,6.91
291,Tsiroanomandidy,MG,2021-10-31 16:45:25,-18.7667,46.0333,72.37,46,0,8.84
292,Gagra,GE,2021-10-31 16:45:25,43.3283,40.2239,54.52,62,82,5.08
293,Tabou,CI,2021-10-31 16:45:25,4.423,-7.3528,81.55,77,64,10.47
294,Okha,RU,2021-10-31 16:45:26,53.5739,142.9478,25.45,67,77,7.74
295,Muli,MV,2021-10-31 16:45:26,2.9167,73.5667,83.43,74,18,16.8
296,Ketchikan,US,2021-10-31 16:45:26,55.3422,-131.6461,32.47,93,40,0.0
297,Antalaha,MG,2021-10-31 16:45:27,-14.9003,50.2788,73.9,88,9,4.05
298,Mantua,IT,2021-10-31 16:45:27,45.1667,10.7833,59.7,85,53,1.99
299,Sibolga,ID,2021-10-31 16:45:27,1.7427,98.7792,76.23,92,98,4.09
300,Alice Town,BS,2021-10-31 16:45:28,25.7167,-79.3,76.69,62,4,10.76
301,Odweyne,SO,2021-10-31 16:45:28,9.4092,45.064,76.06,55,85,10.85
302,Kang,BW,2021-10-31 16:45:28,-23.6752,22.7876,84.34,16,6,6.35
303,Zinder,NE,2021-10-31 16:45:29,13.8072,8.9881,96.76,13,0,13.8
304,Kade,DE,2021-10-31 16:45:29,52.3833,12.2667,61.18,71,88,11.05
305,Harper,LR,2021-10-31 16:45:29,4.375,-7.7169,81.34,77,63,9.89
306,Lorengau,PG,2021-10-31 16:42:19,-2.0226,147.2712,81.63,76,98,8.99
307,Rawah,IQ,2021-10-31 16:45:30,34.4816,41.9093,77.74,32,100,8.84
308,Calvinia,ZA,2021-10-31 16:45:30,-31.4707,19.776,69.21,46,74,12.33
309,Adrar,MR,2021-10-31 16:45:31,20.5022,-10.0711,92.62,12,49,8.41
310,Samfya,ZM,2021-10-31 16:45:31,-11.3649,29.5565,83.66,22,41,3.74
311,Challans,FR,2021-10-31 16:45:31,46.8436,-1.8749,58.12,68,29,17.34
312,Yenagoa,NG,2021-10-31 16:45:31,4.9247,6.2642,79.83,81,79,6.58
313,Bolobo,CD,2021-10-31 16:45:32,-2.1667,16.2333,74.01,92,99,3.36
314,Tinqueux,FR,2021-10-31 16:45:32,49.25,3.9833,63.57,88,90,16.11
315,Chingirlau,KZ,2021-10-31 16:45:32,51.095,54.0814,44.17,83,53,9.64
316,Kununurra,AU,2021-10-31 16:45:33,-15.7667,128.7333,76.98,88,32,3.44
317,Sitka,US,2021-10-31 16:41:08,57.0531,-135.33,37.29,87,40,4.61
318,Kepanjen,ID,2021-10-31 16:45:33,-8.1303,112.5727,72.77,96,98,1.7
319,Aberdeen,GB,2021-10-31 16:41:11,57.1437,-2.0981,50.49,96,90,17.27
320,Waverly,US,2021-10-31 16:45:34,42.7392,-84.6208,55.65,83,75,14.97
321,Yeniseysk,RU,2021-10-31 16:45:34,58.4497,92.1703,30.07,96,100,6.31
322,Mokolo,CM,2021-10-31 16:45:35,10.7398,13.8019,81.81,25,100,1.74
323,Touros,BR,2021-10-31 16:45:35,-5.1989,-35.4608,86.9,62,48,15.52
324,Kungurtug,RU,2021-10-31 16:45:35,50.5994,97.5228,29.34,57,100,4.27
325,Tocopilla,CL,2021-10-31 16:45:17,-22.092,-70.1979,69.82,61,9,8.7
326,Nalut,LY,2021-10-31 16:45:36,30.3333,10.85,73.92,27,6,6.93
327,Bairiki,KI,2021-10-31 16:45:36,1.3292,172.9752,80.6,78,40,12.66
328,Baruun-Urt,MN,2021-10-31 16:45:36,46.6806,113.2792,25.09,27,5,8.05
329,Muscat,OM,2021-10-31 16:40:52,23.6139,58.5922,84.22,49,0,8.3
330,Tigil,RU,2021-10-31 16:41:14,57.8,158.6667,21.04,91,100,18.14
331,Tripoli,LY,2021-10-31 16:45:37,32.8752,13.1875,76.08,50,95,12.33
332,Bunia,CD,2021-10-31 16:45:37,1.5667,30.25,66.43,79,97,2.35
333,Plessisville,CA,2021-10-31 16:42:10,46.2186,-71.762,47.01,98,100,6.04
334,Gerash,IR,2021-10-31 16:45:38,27.6652,54.1371,77.14,24,0,2.73
335,Zyryanovsk,KZ,2021-10-31 16:41:16,49.7386,84.2719,36.79,96,100,11.83
336,Hithadhoo,MV,2021-10-31 16:45:38,-0.6,73.0833,82.17,77,100,17.49
337,Eureka,US,2021-10-31 16:45:39,40.8021,-124.1637,59.2,96,84,3.44
338,Ariquemes,BR,2021-10-31 16:43:39,-9.9133,-63.0408,95.29,38,44,2.98
339,Yulara,AU,2021-10-31 16:45:39,-25.2406,130.9889,66.04,77,40,4.61
340,Yar-Sale,RU,2021-10-31 16:45:40,66.8333,70.8333,6.64,93,42,6.22
341,Cognac,FR,2021-10-31 16:45:40,45.5,-0.25,60.91,82,0,4.61
342,Egvekinot,RU,2021-10-31 16:45:40,66.3167,-179.1667,-0.33,84,100,10.94
343,Barquisimeto,VE,2021-10-31 16:45:41,10.0739,-69.3228,70.43,100,98,3.44
344,Cajaruro,PE,2021-10-31 16:45:41,-5.7364,-78.4256,89.6,52,35,4.12
345,Tiarei,PF,2021-10-31 16:45:41,-17.5333,-149.3333,77.02,76,79,18.12
346,Quibdo,CO,2021-10-31 16:45:42,5.6947,-76.6611,81.01,86,95,3.8
347,Mwingi,KE,2021-10-31 16:45:42,-0.9344,38.0601,74.79,55,89,3.56
348,Whyalla,AU,2021-10-31 16:45:42,-33.0333,137.5833,55.29,67,100,0.0
349,Yiyang,CN,2021-10-31 16:45:43,28.5892,112.3283,60.85,84,100,4.52
350,Praia Da Vitoria,PT,2021-10-31 16:45:43,38.7333,-27.0667,71.85,88,20,9.57
351,Krasnoarmeysk,RU,2021-10-31 16:45:43,51.0239,45.6969,47.28,66,8,7.05
352,Cockburn Town,TC,2021-10-31 16:43:25,21.4612,-71.1419,84.16,70,40,3.44
353,Ust-Ilimsk,RU,2021-10-31 16:45:44,58.0006,102.6619,28.0,79,100,4.12
354,Lethem,GY,2021-10-31 16:45:44,3.3803,-59.7968,93.18,45,89,3.2
355,Ahipara,NZ,2021-10-31 16:45:45,-35.1667,173.1667,55.65,79,96,10.36
356,Pingzhuang,CN,2021-10-31 16:45:45,42.0372,119.2889,35.38,66,33,2.82
357,Nishihara,JP,2021-10-31 16:45:45,26.1842,127.7558,72.68,83,20,0.0
358,Clearlake,US,2021-10-31 16:45:46,38.9582,-122.6264,54.9,63,65,1.57
359,Prescott,US,2021-10-31 16:45:46,34.54,-112.4685,66.34,37,1,4.0
360,Constitucion,CL,2021-10-31 16:45:47,-35.3333,-72.4167,61.68,71,100,6.89
361,America Dourada,BR,2021-10-31 16:45:47,-11.4553,-41.4361,90.36,28,16,8.86
362,Ilebo,CD,2021-10-31 16:45:47,-4.3167,20.5833,72.28,98,99,3.15
363,Fortuna,US,2021-10-31 16:45:48,40.5982,-124.1573,58.93,74,75,1.01
364,Vostok,RU,2021-10-31 16:45:48,46.4856,135.8833,27.9,94,82,0.81
365,Lavrentiya,RU,2021-10-31 16:45:49,65.5833,-171.0,12.76,82,5,12.15
366,Floro,NO,2021-10-31 16:45:49,61.5996,5.0328,50.7,76,40,12.66
367,El Alto,PE,2021-10-31 16:45:49,-4.2714,-81.2147,71.26,72,19,6.85
368,Padang,ID,2021-10-31 16:45:50,-0.9492,100.3543,75.25,94,100,4.63
369,Gushikawa,JP,2021-10-31 16:41:14,26.3544,127.8686,72.63,88,1,0.0
370,Coquimbo,CL,2021-10-31 16:43:31,-29.9533,-71.3436,61.52,75,100,7.45
371,Marrakesh,MA,2021-10-31 16:42:45,31.6315,-8.0083,86.07,21,0,5.75
372,Rocha,UY,2021-10-31 16:45:50,-34.4833,-54.3333,73.27,73,100,4.56
373,Jinchang,CN,2021-10-31 16:45:51,38.4953,102.1739,40.93,43,75,1.07
374,Juneau,US,2021-10-31 16:45:51,58.3019,-134.4197,37.45,96,90,0.0
375,Batagay-Alyta,RU,2021-10-31 16:45:51,67.8006,130.4114,0.64,87,100,3.06
376,Banda Aceh,ID,2021-10-31 16:45:52,5.5577,95.3222,79.07,83,97,1.41
377,Agirish,RU,2021-10-31 16:45:52,61.9247,63.0231,19.69,94,100,6.82
378,Dudinka,RU,2021-10-31 16:45:52,69.4058,86.1778,-13.13,100,89,5.44
379,Dibulla,CO,2021-10-31 16:45:53,11.2725,-73.3091,83.39,70,96,3.71
380,Slave Lake,CA,2021-10-31 16:45:19,55.2834,-114.769,26.58,63,1,4.61
381,Camacha,PT,2021-10-31 16:45:53,33.0833,-16.3333,72.36,73,20,9.22
382,Bonavista,CA,2021-10-31 16:45:53,48.6499,-53.1147,59.0,75,8,11.68
383,Aasiaat,GL,2021-10-31 16:45:54,68.7098,-52.8699,34.21,89,100,21.16
384,Laguna,US,2021-10-31 16:45:54,38.421,-121.4238,61.43,83,1,1.01
385,Korla,CN,2021-10-31 16:45:55,41.7597,86.1469,49.96,42,99,4.25
386,Liverpool,GB,2021-10-31 16:42:52,53.4106,-2.9779,52.99,85,75,5.01
387,Dedovichi,RU,2021-10-31 16:45:55,57.5517,29.9502,46.72,77,28,10.65
388,Kuito,AO,2021-10-31 16:45:56,-12.3833,16.9333,67.96,70,37,2.53
389,Gongzhuling,CN,2021-10-31 16:45:56,43.5008,124.8198,34.11,81,100,5.66
390,Yei,SS,2021-10-31 16:45:56,4.095,30.6779,71.38,83,76,0.67
391,Paamiut,GL,2021-10-31 16:45:57,61.994,-49.6678,34.48,90,100,6.85
392,Olinda,BR,2021-10-31 16:45:57,-8.0089,-34.8553,82.13,69,75,6.91
393,Nianzishan,CN,2021-10-31 16:45:57,47.5167,122.8833,28.72,31,1,2.26
394,Madisonville,US,2021-10-31 16:45:58,37.3281,-87.4989,61.93,73,0,3.0
395,Santa Isabel Do Rio Negro,BR,2021-10-31 16:45:58,-0.4139,-65.0192,90.14,55,88,2.46
396,Sumbe,AO,2021-10-31 16:45:59,-11.2061,13.8437,76.46,80,28,8.39
397,Pozega,HR,2021-10-31 16:45:59,45.3403,17.6853,48.76,74,0,2.91
398,Muroto,JP,2021-10-31 16:45:59,33.2833,134.15,65.5,68,2,6.38
399,Bandarbeyla,SO,2021-10-31 16:46:00,9.4942,50.8122,79.68,77,25,13.53
400,Sarakhs,IR,2021-10-31 16:46:00,36.5449,61.1577,53.87,42,6,6.62
401,Miramar,US,2021-10-31 16:46:00,25.9873,-80.2323,84.02,59,20,8.05
402,Taltal,CL,2021-10-31 16:46:01,-25.4,-70.4833,64.36,70,26,4.18
403,Carballo,ES,2021-10-31 16:46:01,43.213,-8.691,61.86,87,100,5.14
404,Humberto De Campos,BR,2021-10-31 16:46:02,-2.5983,-43.4611,84.65,72,83,6.73
405,Marienburg,PL,2021-10-31 16:46:03,54.0359,19.0266,56.88,78,49,8.41
406,Samarai,PG,2021-10-31 16:46:03,-10.6167,150.6667,82.08,80,100,14.29
407,Prince Albert,CA,2021-10-31 16:42:14,53.2001,-105.7677,31.95,64,75,8.05
408,Sechura,PE,2021-10-31 16:46:03,-5.5569,-80.8222,77.9,54,35,7.96
409,Yarega,RU,2021-10-31 16:46:04,63.4354,53.5765,28.9,98,100,5.59
410,Wanning,CN,2021-10-31 16:46:04,18.8003,110.3967,75.6,92,97,7.36
411,Srednekolymsk,RU,2021-10-31 16:46:04,67.45,153.6833,-2.34,98,99,6.69
412,Iranshahr,IR,2021-10-31 16:46:05,27.2025,60.6848,84.54,15,0,18.41
413,Kloulklubed,PW,2021-10-31 16:44:29,7.0419,134.2556,77.5,70,97,3.78
414,Cananea,MX,2021-10-31 16:43:52,30.95,-110.3,67.95,29,100,7.45
415,Lesnyye Polyany,RU,2021-10-31 16:46:05,55.9667,37.8667,41.16,74,17,9.55
416,Yatou,CN,2021-10-31 16:46:06,37.15,122.3833,52.34,75,88,15.9
417,Marsh Harbour,BS,2021-10-31 16:41:51,26.5412,-77.0636,78.15,55,1,10.69
418,Sabang,ID,2021-10-31 16:46:06,5.8933,95.3214,81.19,76,95,2.08
419,Borba,BR,2021-10-31 16:46:07,-4.3878,-59.5939,99.0,35,90,2.06
420,Acapetahua,MX,2021-10-31 16:46:07,15.2833,-92.7,86.95,64,52,3.18
421,Jiancheng,CN,2021-10-31 16:46:07,30.391,104.5491,60.01,79,100,3.89
422,Agadez,NE,2021-10-31 16:46:08,19.75,10.25,85.06,18,2,8.7
423,Kretinga,LT,2021-10-31 16:46:08,55.8758,21.2508,53.35,76,90,4.61
424,Dunedin,NZ,2021-10-31 16:45:03,-45.8742,170.5036,46.8,66,69,1.99
425,Manokwari,ID,2021-10-31 16:46:09,-0.8667,134.0833,77.97,79,88,5.61
426,Zhuhai,CN,2021-10-31 16:46:09,22.2769,113.5678,76.05,83,20,10.36
427,Fort Nelson,CA,2021-10-31 16:45:34,58.8053,-122.7002,18.99,73,40,6.91
428,Nuristan,AF,2021-10-31 16:46:09,35.3,70.8333,21.87,56,13,13.13
429,El Ocotito,MX,2021-10-31 16:46:10,17.25,-99.5667,78.04,74,88,3.76
430,Acajutla,SV,2021-10-31 16:46:10,13.5928,-89.8275,89.94,49,88,3.98
431,Bekhtery,UA,2021-10-31 16:46:11,46.251,32.2927,48.47,85,0,12.68
432,Jibuti,DJ,2021-10-31 16:46:11,11.5,42.5,78.13,64,14,18.72
433,Fort Smith,US,2021-10-31 16:44:54,35.3859,-94.3986,62.35,61,1,5.75
434,Pevek,RU,2021-10-31 16:46:11,69.7008,170.3133,-0.4,97,100,4.03
435,Aksarka,RU,2021-10-31 16:46:12,66.5606,67.7975,-2.83,92,8,7.61
436,Waipawa,NZ,2021-10-31 16:46:12,-41.4122,175.5153,51.46,87,75,7.63
437,Maniitsoq,GL,2021-10-31 16:46:13,65.4167,-52.9,35.87,96,100,19.6
438,Lakatoro,VU,2021-10-31 16:46:13,-16.0999,167.4164,77.25,79,21,7.36
439,Camalu,MX,2021-10-31 16:46:13,30.85,-116.0667,64.54,72,10,5.19
440,Leningradskiy,RU,2021-10-31 16:46:14,69.3833,178.4167,-0.18,93,100,8.28
441,Anadyr,RU,2021-10-31 16:46:14,64.75,177.4833,-3.5,83,40,15.01
442,Zemio,CF,2021-10-31 16:46:14,5.0314,25.1361,74.64,84,99,3.91
443,San Carlos De Bariloche,AR,2021-10-31 16:46:04,-41.1456,-71.3082,62.44,31,75,14.97
444,Bay Village,US,2021-10-31 16:46:15,41.4848,-81.9221,59.31,74,40,1.01
445,Ust-Kut,RU,2021-10-31 16:46:15,56.7938,105.7672,25.59,97,61,3.22
446,Itaituba,BR,2021-10-31 16:46:16,-4.2761,-55.9836,93.36,55,40,5.75
447,Majene,ID,2021-10-31 16:46:16,-3.5403,118.9707,77.86,87,100,3.76
448,Madang,PG,2021-10-31 16:46:16,-5.2246,145.7966,78.06,88,100,5.88
449,Pelaya,CO,2021-10-31 16:46:17,8.6882,-73.6645,81.27,76,95,5.17
450,Honiara,SB,2021-10-31 16:46:17,-9.4333,159.95,77.58,87,69,6.02
451,Caceres,ES,2021-10-31 16:46:17,39.522,-6.3748,68.81,91,100,14.16
452,Ornskoldsvik,SE,2021-10-31 16:46:18,63.2909,18.7153,45.55,100,90,10.36
453,Songea,TZ,2021-10-31 16:46:18,-10.6833,35.65,79.95,50,20,14.97
454,Vigrestad,NO,2021-10-31 16:46:18,58.5667,5.7,53.58,82,85,27.98
455,Morant Bay,JM,2021-10-31 16:46:18,17.8815,-76.4093,87.42,80,80,8.08
456,Santa Rosa,PH,2021-10-31 16:46:19,14.3122,121.1114,82.38,75,7,5.03
457,Rio Gallegos,AR,2021-10-31 16:41:33,-51.6226,-69.2181,68.05,14,0,19.57
458,Zhigansk,RU,2021-10-31 16:46:19,66.7697,123.3711,12.09,92,100,19.82
459,Ugoofaaru,MV,2021-10-31 16:46:20,5.6667,73.0,81.7,80,100,13.35
460,Gazanjyk,TM,2021-10-31 16:46:20,39.2446,55.5154,58.5,45,78,14.25
461,Dawson Creek,CA,2021-10-31 16:46:20,55.7666,-120.2362,19.36,85,1,4.61
462,Sur,OM,2021-10-31 16:46:21,22.5667,59.5289,82.54,59,1,7.78
463,Pahrump,US,2021-10-31 16:46:21,36.2083,-115.9839,72.1,35,1,1.01
464,Maksatikha,RU,2021-10-31 16:46:21,57.797,35.8825,43.47,81,28,8.9
465,Zhuanghe,CN,2021-10-31 16:46:22,39.7008,122.9911,42.31,81,11,6.98
466,Neiafu,TO,2021-10-31 16:46:22,-18.65,-173.9833,75.88,94,40,0.0
467,Scarborough,GB,2021-10-31 16:46:22,54.2797,-0.4044,52.09,83,54,5.99
468,Arman,RU,2021-10-31 16:46:23,59.7,150.1667,10.36,57,8,10.63
469,Chicama,PE,2021-10-31 16:46:23,-7.8447,-79.1469,63.14,48,28,9.42
470,Qui Nhon,VN,2021-10-31 16:46:23,13.7667,109.2333,76.1,90,83,6.11
471,Kerman,IR,2021-10-31 16:46:24,30.2832,57.0788,62.46,31,0,11.5
472,Peniche,PT,2021-10-31 16:46:24,39.3558,-9.3811,71.76,96,96,15.55
473,Mana,GF,2021-10-31 16:46:24,5.6592,-53.7767,82.81,74,90,7.23
474,Beira,MZ,2021-10-31 16:46:25,-19.8436,34.8389,75.29,73,20,11.99
475,Aguimes,ES,2021-10-31 16:46:25,27.9054,-15.4461,76.66,70,0,17.27
476,Sao Miguel,BR,2021-10-31 16:46:25,-5.4667,-35.3667,86.77,61,64,17.18
477,San Vicente,AR,2021-10-31 16:46:26,-26.6167,-54.1333,80.4,56,24,1.79
478,Kaseda,JP,2021-10-31 16:46:26,31.4167,130.3167,66.16,82,63,6.24
479,Konongo,GH,2021-10-31 16:46:26,6.6167,-1.2167,83.5,66,90,2.04
480,Pleshanovo,RU,2021-10-31 16:46:27,52.8333,53.4833,44.85,90,85,10.33
481,Dakar,SN,2021-10-31 16:46:27,14.6937,-17.4441,86.88,83,0,6.91
482,Ca Mau,VN,2021-10-31 16:46:27,9.1769,105.15,77.04,92,69,4.23
483,Celestun,MX,2021-10-31 16:46:28,20.8667,-90.4,79.79,50,45,4.52
484,Nadvoitsy,RU,2021-10-31 16:46:28,63.8667,34.3167,41.85,95,100,4.54
485,Bestobe,KZ,2021-10-31 16:46:28,52.4994,73.0975,28.26,75,56,6.08
486,Kyra,RU,2021-10-31 16:46:29,49.5776,111.9753,27.54,77,11,2.13
487,Kihei,US,2021-10-31 16:42:12,20.785,-156.4656,70.84,77,1,5.75
488,Leua,SK,2021-10-31 16:46:29,48.2156,18.6071,52.11,60,0,11.07
489,Teluk Nibung,ID,2021-10-31 16:46:30,3.001,99.8164,75.87,91,78,4.0
490,Kadyy,RU,2021-10-31 16:46:30,57.787,43.1903,42.58,85,58,7.76
491,Sabha,LY,2021-10-31 16:46:30,27.0377,14.4283,73.94,22,34,2.44
492,Sao Filipe,CV,2021-10-31 16:46:31,14.8961,-24.4956,81.0,69,85,13.06
493,Puerto Baquerizo Moreno,EC,2021-10-31 16:46:31,-0.9,-89.6,74.39,73,40,13.8
494,Stratonion,GR,2021-10-31 16:46:31,40.5141,23.8247,57.02,63,71,1.1
495,Zapolyarnyy,RU,2021-10-31 16:46:32,69.4154,30.8136,25.88,91,78,6.44
496,Palmer,US,2021-10-31 16:46:32,42.1584,-72.3287,65.46,67,78,1.01
497,San Jose,US,2021-10-31 16:45:06,37.3394,-121.895,60.82,79,40,6.91
498,Pringsewu,ID,2021-10-31 16:46:33,-5.3582,104.9744,74.86,95,100,2.51
499,Klerksdorp,ZA,2021-10-31 16:46:33,-26.8521,26.6667,74.23,20,0,6.44
500,Acarau,BR,2021-10-31 16:46:33,-2.8856,-40.12,85.48,63,78,18.03
501,Nome,US,2021-10-31 16:43:59,64.5011,-165.4064,21.27,69,1,0.0
502,Kifri,IQ,2021-10-31 16:46:34,34.6959,44.9661,81.45,33,98,6.62
503,Kaili,ID,2021-10-31 16:46:34,-3.4626,120.2147,66.29,93,100,3.31
504,Puerto Rondon,CO,2021-10-31 16:46:35,6.2805,-71.1,84.79,70,96,4.47
505,Miraflores,MX,2021-10-31 16:46:35,19.2167,-98.8083,66.02,40,40,3.11
506,Pyaozerskiy,RU,2021-10-31 16:46:35,65.8333,31.1667,36.77,99,100,7.31
507,Avera,US,2021-10-31 16:46:36,33.194,-82.5271,67.51,52,1,9.89
508,Tygda,RU,2021-10-31 16:46:36,53.1167,126.3333,24.98,45,34,3.67
509,Indiaroba,BR,2021-10-31 16:46:36,-11.5192,-37.5117,85.28,56,42,8.79
510,Almansa,ES,2021-10-31 16:46:37,38.8692,-1.0971,72.64,74,100,26.06
511,Rtishchevo,RU,2021-10-31 16:46:37,52.2604,43.7874,44.22,75,9,7.23
512,Desaguadero,PE,2021-10-31 16:46:37,-16.5656,-69.0417,57.56,42,59,12.21
513,Merauke,ID,2021-10-31 16:46:38,-8.4667,140.3333,79.25,86,100,11.3
514,Hirara,JP,2021-10-31 16:46:38,24.8,125.2833,76.41,64,96,14.03
515,General Roca,AR,2021-10-31 16:46:38,-39.0333,-67.5833,57.61,33,97,12.75
516,San Quintin,MX,2021-10-31 16:46:39,30.4833,-115.95,64.92,73,34,6.11
517,Orange,US,2021-10-31 16:46:39,33.7,-117.7675,64.53,79,90,5.75
518,Oranjemund,NA,2021-10-31 16:46:39,-28.55,16.4333,63.81,73,51,9.6
519,Longyearbyen,SJ,2021-10-31 16:46:40,78.2186,15.6401,31.84,64,20,11.5
520,Ankazobe,MG,2021-10-31 16:46:40,-18.3167,47.1167,73.81,31,7,6.04
521,Rabo De Peixe,PT,2021-10-31 16:42:09,37.8,-25.5833,74.28,93,75,16.11
522,Markivka,UA,2021-10-31 16:46:41,49.5229,39.5705,45.19,47,0,7.2
523,Grimshaw,CA,2021-10-31 16:46:41,56.1834,-117.6027,28.02,86,20,6.91
524,Nivala,FI,2021-10-31 16:46:41,63.9167,24.9667,42.69,92,100,6.93
525,Alekseyevsk,RU,2021-10-31 16:46:41,57.8406,108.3492,30.56,93,65,3.18
526,Mao,ES,2021-10-31 16:46:42,39.8885,4.2658,70.36,78,0,5.75
527,Maua,BR,2021-10-31 16:44:43,-23.6678,-46.4614,71.37,79,100,4.05
528,Cepelare,BG,2021-10-31 16:46:42,41.7333,24.6833,42.42,94,69,1.14
529,Vaitape,PF,2021-10-31 16:42:39,-16.5167,-151.75,78.62,67,99,14.14
530,Somerset East,ZA,2021-10-31 16:46:43,-32.7217,25.588,75.92,26,98,4.85
531,Batemans Bay,AU,2021-10-31 16:46:43,-35.7167,150.1833,52.99,93,19,4.0
532,Jyvaskyla,FI,2021-10-31 16:46:44,62.2415,25.7209,46.76,89,90,6.91
533,Haflong,IN,2021-10-31 16:46:44,25.1833,93.0333,64.6,88,0,0.47
534,Sayyan,YE,2021-10-31 16:46:44,15.1718,44.3244,58.14,56,10,11.83
535,Kayes,ML,2021-10-31 16:46:45,14.0,-11.0,96.84,27,30,6.08
536,Charleville-Mezieres,FR,2021-10-31 16:46:45,49.7667,4.7167,59.99,95,100,20.47
537,Nexo,DK,2021-10-31 16:46:46,55.0607,15.1306,51.89,88,100,12.3
538,Caninde,BR,2021-10-31 16:46:46,-4.3589,-39.3117,93.47,33,93,5.26
539,Paralimni,CY,2021-10-31 16:46:46,35.0375,33.9833,74.28,76,72,5.99
540,Boddam,GB,2021-10-31 16:46:47,57.4667,-1.7833,50.38,93,100,35.75
541,Oussouye,SN,2021-10-31 16:46:47,12.485,-16.5469,93.38,56,50,11.05
542,Wukari,NG,2021-10-31 16:46:47,7.85,9.7833,85.57,56,77,4.05
543,Shache,CN,2021-10-31 16:46:48,38.4167,77.2406,50.54,28,100,3.67
544,Tual,ID,2021-10-31 16:46:48,-5.6667,132.75,82.2,78,98,9.73
545,Conakry,GN,2021-10-31 16:46:48,9.538,-13.6773,86.07,70,20,11.5
546,Progreso,MX,2021-10-31 16:45:16,21.2833,-89.6667,83.1,50,33,7.47
547,Kulachi,PK,2021-10-31 16:46:49,31.9286,70.4592,74.1,18,0,4.14
548,Ulladulla,AU,2021-10-31 16:46:49,-35.35,150.4667,52.77,89,11,4.07
549,Bom Jesus,BR,2021-10-31 16:46:49,-9.0744,-44.3586,100.06,21,37,4.38
550,Buin,CL,2021-10-31 16:46:34,-33.7333,-70.75,80.92,23,100,10.09
551,Axim,GH,2021-10-31 16:46:50,4.8699,-2.2405,81.41,79,94,11.16
552,Tagusao,PH,2021-10-31 16:46:50,9.1924,117.8141,79.47,83,58,3.96
553,Storslett,NO,2021-10-31 16:46:51,69.7678,21.0247,34.61,89,69,14.97
554,Kodinsk,RU,2021-10-31 16:46:51,58.6881,99.1844,27.25,95,100,3.85
555,Lufkin,US,2021-10-31 16:46:51,31.3382,-94.7291,76.84,37,1,0.0
556,Charters Towers,AU,2021-10-31 16:46:52,-20.1,146.2667,72.77,90,69,6.91
557,Manasa,IN,2021-10-31 16:46:52,24.4837,75.2687,69.64,39,0,3.62
558,Nago,JP,2021-10-31 16:46:52,26.5881,127.9761,75.36,78,16,7.96
559,Medveditskiy,RU,2021-10-31 16:46:53,50.7852,44.7129,45.25,68,1,2.59
560,Martinsburg,US,2021-10-31 16:42:30,39.4562,-77.9639,63.93,69,90,12.66
561,Plettenberg Bay,ZA,2021-10-31 16:46:53,-34.0527,23.3716,66.9,73,80,6.13
562,Wasilla,US,2021-10-31 16:46:53,61.5814,-149.4394,43.77,85,90,10.0
563,San Jacinto,US,2021-10-31 16:46:54,33.7839,-116.9586,76.75,57,31,3.4
564,Booue,GA,2021-10-31 16:46:54,-0.0921,11.9385,74.91,96,99,2.71
565,Karpathos,GR,2021-10-31 16:46:55,35.507,27.2132,67.96,83,40,2.3
566,Tshikapa,CD,2021-10-31 16:46:55,-6.4167,20.8,72.61,87,74,2.08
567,Premia De Mar,ES,2021-10-31 16:46:55,41.4921,2.3652,76.15,73,93,5.01
568,Shimoda,JP,2021-10-31 16:46:56,34.6667,138.95,59.11,86,91,9.53
569,Chapais,CA,2021-10-31 16:46:56,49.7834,-74.8492,44.38,97,100,5.03
570,Lam Luk Ka,TH,2021-10-31 16:46:56,13.9323,100.7494,84.02,96,20,3.44
571,Mopti,ML,2021-10-31 16:46:57,14.6667,-4.0,100.58,13,77,11.68
572,Vila Do Maio,CV,2021-10-31 16:46:57,15.1333,-23.2167,75.99,80,88,18.95
573,Gladstone,AU,2021-10-31 16:46:57,-23.85,151.25,69.73,64,90,9.22
574,Sonoita,MX,2021-10-31 16:46:58,31.85,-112.8333,77.52,22,39,8.25
575,Orotukan,RU,2021-10-31 16:46:58,62.2667,151.7,-12.01,100,96,4.97
576,Furukawa,JP,2021-10-31 16:46:58,38.5717,140.9556,49.39,89,5,3.91
577,Makakilo City,US,2021-10-31 16:46:59,21.3469,-158.0858,70.29,82,1,0.0
578,Kargasok,RU,2021-10-31 16:46:59,59.0556,80.8572,13.03,86,42,12.5
579,Bayanday,RU,2021-10-31 16:46:59,53.0661,105.5139,30.42,71,99,3.42
580,Linhares,BR,2021-10-31 16:47:00,-19.3911,-40.0722,77.41,78,97,7.78
581,Tromso,NO,2021-10-31 16:47:00,69.6496,18.957,39.22,75,0,6.91
582,Ballina,AU,2021-10-31 16:47:00,-28.8667,153.5667,66.16,71,90,10.36
583,Russkiy Aktash,RU,2021-10-31 16:47:01,55.0384,52.1214,43.95,83,54,13.67
584,Kermanshah,IR,2021-10-31 16:47:01,34.3142,47.065,65.3,27,40,0.0
585,Tahta,EG,2021-10-31 16:47:02,26.7693,31.5021,88.12,29,62,7.0
586,Moba,CN,2021-10-31 16:47:02,33.2288,105.0179,43.32,87,100,2.75
587,Kharan,PK,2021-10-31 16:46:04,28.5833,65.4167,72.86,19,0,13.6
588,Changchun,CN,2021-10-31 16:47:03,43.88,125.3228,34.14,75,100,5.41
589,Saint-Pierre,RE,2021-10-31 16:47:03,-21.3393,55.4781,73.08,75,0,4.61
590,Olden,NO,2021-10-31 16:47:04,61.8364,6.8064,52.72,89,58,8.32
591,Berlin,DE,2021-10-31 16:42:04,52.5244,13.4105,60.37,71,0,8.99
